id,first_name,last_name,email,gender,ip_address
1,Skipton,Riccelli,sriccelli0@disqus.com,Male,95.246.73.154
2,Augie,Worcs,aworcs1@deliciousdays.com,Male,97.71.53.236
3,Binni,Doveston,bdoveston2@jugem.jp,Female,167.160.141.184
4,Ranice,Breacher,rbreacher3@weebly.com,Female,215.6.87.108
5,Wyn,Lynes,wlynes4@tumblr.com,Male,137.49.122.132
6,Ina,Scrivinor,iscrivinor5@infoseek.co.jp,Female,203.36.68.94
7,Georas,Feyer,gfeyer6@springer.com,Male,151.69.80.29
8,Aliza,Bethel,abethel7@dmoz.org,Female,227.231.199.100
9,Debor,Tabbernor,dtabbernor8@java.com,Female,225.80.71.138
10,Hunfredo,Chillingsworth,hchillingsworth9@npr.org,Male,171.232.85.179
11,Matilda,Tampling,mtamplinga@columbia.edu,Female,95.114.76.97
12,Caitrin,Roizin,croizinb@ask.com,Female,44.131.146.206
13,Berny,Arnaud,barnaudc@ycombinator.com,Male,240.221.47.83
14,Barry,Doole,bdooled@marketwatch.com,Male,202.81.89.19
15,Fran,Ashbe,fashbee@last.fm,Female,38.104.160.47
16,Rosene,Brumhead,rbrumheadf@yale.edu,Female,24.87.126.80
17,Bartlett,Tumielli,btumiellig@independent.co.uk,Male,56.173.66.225
18,Paquito,Denyukin,pdenyukinh@admin.ch,Male,174.248.21.111
19,Rudolfo,Rintoul,rrintouli@google.com.br,Male,182.44.47.106
20,Bearnard,Minci,bmincij@jalbum.net,Male,45.220.92.187
21,Dorette,Prettjohn,dprettjohnk@netscape.com,Female,193.126.8.191
22,Tannie,Fiddy,tfiddyl@oracle.com,Male,44.77.189.194
23,Chrisy,Harford,charfordm@ebay.com,Male,198.251.231.179
24,Eda,Mattisssen,emattisssenn@ihg.com,Female,217.229.205.200
25,Fanchon,MacCahee,fmaccaheeo@elpais.com,Female,249.105.175.181
26,Madge,Farrent,mfarrentp@harvard.edu,Female,251.201.57.59
27,Homerus,Bertelmot,hbertelmotq@google.cn,Male,54.120.112.83
28,Trumaine,Crombie,tcrombier@twitter.com,Male,180.184.32.188
29,Janessa,Toynbee,jtoynbees@hostgator.com,Polygender,208.191.117.140
30,Barnard,Linster,blinstert@rakuten.co.jp,Male,176.186.78.139
31,Melonie,Rivalant,mrivalantu@naver.com,Female,32.127.1.45
32,Torrence,Setter,tsetterv@ox.ac.uk,Male,143.90.254.207
33,Anastasie,Goodanew,agoodaneww@discovery.com,Female,251.80.179.252
34,Reynolds,Rolse,rrolsex@unesco.org,Male,132.240.142.154
35,Jamesy,Bande,jbandey@newyorker.com,Male,127.83.10.252
36,Kelly,Ligoe,kligoez@walmart.com,Non-binary,210.27.240.83
37,Beverie,Cudworth,bcudworth10@1688.com,Agender,132.105.106.135
38,John,Nutbeem,jnutbeem11@163.com,Male,211.190.230.107
39,Kameko,Wingatt,kwingatt12@amazon.com,Female,181.17.152.215
40,Meade,Leverson,mleverson13@stumbleupon.com,Agender,249.237.159.84
41,Rowland,Gothup,rgothup14@canalblog.com,Male,248.125.121.7
42,Theodor,McWhorter,tmcwhorter15@reverbnation.com,Male,156.88.200.181
43,Lauren,O' Kelleher,lokelleher16@jigsy.com,Male,42.52.115.253
44,Bartholomeus,Fisher,bfisher17@gizmodo.com,Male,77.7.48.98
45,Stesha,Mackilpatrick,smackilpatrick18@squidoo.com,Female,29.80.67.18
46,Tobe,Wordsworth,twordsworth19@spiegel.de,Male,167.102.183.116
47,Hadlee,Copcutt,hcopcutt1a@yellowpages.com,Male,153.126.207.253
48,Ailyn,MacDermot,amacdermot1b@nyu.edu,Female,100.93.120.13
49,Sherwin,Palombi,spalombi1c@multiply.com,Male,142.56.247.18
50,Jordain,Bastable,jbastable1d@joomla.org,Female,85.245.246.12
51,Joshua,Laurentino,jlaurentino1e@linkedin.com,Male,233.73.145.146
52,Buckie,Haslin,bhaslin1f@scribd.com,Male,69.188.209.182
53,Lem,Shortcliffe,lshortcliffe1g@free.fr,Male,19.219.188.217
54,Corene,Thew,cthew1h@drupal.org,Female,161.171.141.40
55,Wells,Batchley,wbatchley1i@buzzfeed.com,Non-binary,165.182.156.20
56,Amory,Algate,aalgate1j@biglobe.ne.jp,Male,162.187.17.209
57,Jerrold,Iacavone,jiacavone1k@about.me,Male,13.169.57.190
58,Juana,Beddard,jbeddard1l@tamu.edu,Female,158.79.186.7
59,Oberon,Ison,oison1m@pbs.org,Male,202.52.12.19
60,Alane,Jozsa,ajozsa1n@shinystat.com,Female,217.255.88.123
61,Gipsy,Leivers,gleivers1o@t-online.de,Female,179.197.55.10
62,Yul,Mycroft,ymycroft1p@loc.gov,Male,94.82.153.240
63,Aurore,Tinston,atinston1q@zimbio.com,Female,198.179.188.61
64,Luther,Rosettini,lrosettini1r@xrea.com,Genderfluid,133.3.24.195
65,Sheba,De Mattei,sdemattei1s@msn.com,Female,238.10.21.201
66,Osbourn,Theuff,otheuff1t@deliciousdays.com,Male,173.135.86.176
67,Johann,Joblin,jjoblin1u@nps.gov,Male,55.255.154.249
68,Prisca,Malham,pmalham1v@oakley.com,Female,165.179.250.176
69,Abbey,Reiner,areiner1w@wikia.com,Male,87.103.227.31
70,Hamilton,Portal,hportal1x@dailymail.co.uk,Male,100.211.31.52
71,Halsey,Tye,htye1y@eepurl.com,Male,123.179.7.18
72,Matias,Bugge,mbugge1z@wordpress.org,Male,65.49.84.141
73,Liv,Binnie,lbinnie20@gmpg.org,Female,112.98.213.75
74,Huberto,Tenby,htenby21@free.fr,Male,15.94.215.185
75,Lyn,Fitzharris,lfitzharris22@bing.com,Female,86.55.179.131
76,Cally,Powner,cpowner23@nih.gov,Female,0.216.133.24
77,Ellsworth,Nickell,enickell24@nsw.gov.au,Genderqueer,236.170.202.136
78,Nappy,Erskine,nerskine25@google.it,Male,244.195.241.149
79,Gabie,Stithe,gstithe26@unblog.fr,Male,46.102.129.153
80,Cassy,Brierley,cbrierley27@youtube.com,Female,46.21.85.14
81,Shaw,Timmins,stimmins28@usatoday.com,Male,231.231.20.254
82,Heinrik,Benning,hbenning29@flickr.com,Male,236.136.116.155
83,Jasmin,Stefi,jstefi2a@g.co,Female,22.15.51.63
84,Hewett,Scoggans,hscoggans2b@goo.ne.jp,Male,135.78.232.207
85,Millie,Jeffress,mjeffress2c@hao123.com,Female,194.67.88.242
86,Paulette,Jarrad,pjarrad2d@woothemes.com,Agender,152.9.161.169
87,Aluin,Greig,agreig2e@columbia.edu,Male,90.233.100.159
88,Gleda,Raiman,graiman2f@addthis.com,Female,154.27.175.181
89,Quincey,McIlmurray,qmcilmurray2g@skype.com,Male,163.98.57.151
90,Pren,Dibdall,pdibdall2h@redcross.org,Male,181.148.96.30
91,Alfredo,Volant,avolant2i@ted.com,Bigender,81.138.141.199
92,Alva,Pandie,apandie2j@godaddy.com,Male,83.59.229.116
93,Floris,Omrod,fomrod2k@about.me,Female,109.179.188.61
94,Homer,Walters,hwalters2l@nydailynews.com,Male,30.158.75.88
95,Thadeus,Dockray,tdockray2m@unicef.org,Male,164.196.68.171
96,Guenevere,Vasic,gvasic2n@bigcartel.com,Genderqueer,142.151.199.109
97,Jerry,Somers,jsomers2o@sun.com,Genderqueer,253.2.190.51
98,Grazia,Ekell,gekell2p@usda.gov,Female,192.32.134.194
99,Mikaela,Petofi,mpetofi2q@domainmarket.com,Female,94.129.253.33
100,Erl,Burgott,eburgott2r@webmd.com,Male,61.24.163.136
101,Barr,Bazylets,bbazylets2s@cbslocal.com,Male,221.155.159.188
102,Hayward,Hammell,hhammell2t@naver.com,Male,221.227.250.128
103,Giovanni,Oselton,goselton2u@tiny.cc,Genderqueer,208.40.251.104
104,Giselbert,Tytler,gtytler2v@devhub.com,Male,6.112.144.52
105,Marcellus,Thebes,mthebes2w@tinypic.com,Male,39.35.22.78
106,Torrin,Learmonth,tlearmonth2x@typepad.com,Male,171.118.178.41
107,Ax,Cosslett,acosslett2y@livejournal.com,Male,226.46.27.48
108,Sampson,Hellyar,shellyar2z@deliciousdays.com,Male,222.181.9.162
109,Even,Izak,eizak30@domainmarket.com,Male,56.162.137.225
110,Jannel,McIlherran,jmcilherran31@about.me,Female,56.13.2.164
111,Karia,Groocock,kgroocock32@desdev.cn,Female,18.246.119.12
112,Iosep,Asser,iasser33@dyndns.org,Male,205.96.156.112
113,Cicely,Cozins,ccozins34@sciencedaily.com,Female,234.115.117.0
114,Pippo,Arter,parter35@etsy.com,Male,31.179.150.225
115,Ladonna,Onraet,lonraet36@columbia.edu,Female,109.36.215.170
116,Cary,Van Giffen,cvangiffen37@blog.com,Female,228.37.26.107
117,Demetris,Durrans,ddurrans38@smh.com.au,Male,150.35.241.8
118,Fulvia,Filtness,ffiltness39@mit.edu,Female,73.154.24.168
119,Wenona,Capner,wcapner3a@businessinsider.com,Female,18.48.19.108
120,Michale,Stockings,mstockings3b@adobe.com,Male,121.54.75.99
121,Halie,Wimlett,hwimlett3c@digg.com,Female,154.179.92.22
122,Vivien,Waddicor,vwaddicor3d@nasa.gov,Female,94.154.230.178
123,Allan,Frewer,afrewer3e@surveymonkey.com,Male,179.184.38.113
124,Raimundo,Bodill,rbodill3f@economist.com,Male,152.209.26.228
125,Maggi,Swinden,mswinden3g@usnews.com,Bigender,118.255.100.36
126,Alexine,Laffling,alaffling3h@rakuten.co.jp,Female,36.3.108.124
127,Bordy,Poncet,bponcet3i@princeton.edu,Male,53.84.145.131
128,Lenna,Snedker,lsnedker3j@vk.com,Female,160.7.61.241
129,Frasier,Durn,fdurn3k@huffingtonpost.com,Male,132.10.144.207
130,Ahmad,Sanpher,asanpher3l@amazon.com,Polygender,251.215.34.82
131,Traci,Helix,thelix3m@si.edu,Female,84.143.141.234
132,Valida,Bycraft,vbycraft3n@wsj.com,Female,211.227.1.20
133,Willi,Quartly,wquartly3o@trellian.com,Male,0.28.109.117
134,Greer,Matura,gmatura3p@goo.gl,Female,57.85.25.70
135,Shayla,Mityakov,smityakov3q@toplist.cz,Female,226.135.61.195
136,Krishnah,Vagg,kvagg3r@sakura.ne.jp,Male,93.185.56.126
137,Art,Kersey,akersey3s@nih.gov,Male,81.52.236.85
138,Sullivan,Alvarado,salvarado3t@examiner.com,Male,146.226.186.249
139,Shayne,Tatters,statters3u@t.co,Male,166.200.131.169
140,Constanta,Weildish,cweildish3v@g.co,Female,250.186.111.58
141,Morgun,Iacobassi,miacobassi3w@chron.com,Male,91.217.168.245
142,Melisse,Petrushkevich,mpetrushkevich3x@tamu.edu,Female,203.93.33.199
143,Star,De Francesco,sdefrancesco3y@vinaora.com,Female,60.139.6.53
144,Harwilll,Risby,hrisby3z@1und1.de,Male,42.170.194.213
145,Emanuele,Iacobetto,eiacobetto40@omniture.com,Male,188.80.78.150
146,Dre,Housecroft,dhousecroft41@craigslist.org,Non-binary,154.93.94.95
147,Blondell,Skill,bskill42@google.fr,Female,147.152.16.198
148,Willi,Gillatt,wgillatt43@webeden.co.uk,Male,188.120.172.212
149,Sibyl,Curbishley,scurbishley44@smh.com.au,Male,25.152.56.128
150,Josy,Tabert,jtabert45@baidu.com,Female,103.85.155.214
151,Magdalene,De Winton,mdewinton46@slideshare.net,Female,169.221.122.146
152,Lyman,McCloud,lmccloud47@yandex.ru,Male,206.141.208.15
153,Jermain,Maxwaile,jmaxwaile48@prweb.com,Male,162.201.93.247
154,Flemming,Darben,fdarben49@uol.com.br,Male,2.99.191.151
155,Thaddus,Delieu,tdelieu4a@weather.com,Male,138.208.103.111
156,Dari,Tieraney,dtieraney4b@google.com.au,Polygender,156.46.107.42
157,Rheba,Watkins,rwatkins4c@usa.gov,Female,71.110.163.79
158,Josiah,Laughnan,jlaughnan4d@cbc.ca,Male,18.174.74.250
159,Betsy,Kemell,bkemell4e@1688.com,Female,97.133.230.38
160,Ives,Borman,iborman4f@topsy.com,Male,82.68.111.120
161,Ed,Wakes,ewakes4g@bandcamp.com,Male,242.32.75.154
162,Eben,Drance,edrance4h@simplemachines.org,Male,195.3.65.79
163,Peggy,Ruberti,pruberti4i@mayoclinic.com,Female,233.223.201.207
164,Kiri,Exon,kexon4j@google.pl,Female,101.208.143.37
165,Lilith,Scrammage,lscrammage4k@goo.gl,Female,141.204.195.216
166,Tracie,Walton,twalton4l@uiuc.edu,Female,203.228.56.0
167,Dickie,Fredi,dfredi4m@chron.com,Male,37.51.84.30
168,Frasco,Bratchell,fbratchell4n@furl.net,Male,191.10.199.202
169,Wheeler,Dorking,wdorking4o@cmu.edu,Polygender,49.93.141.227
170,Caro,Dunkerton,cdunkerton4p@va.gov,Female,238.218.120.106
171,Chad,Jukes,cjukes4q@ocn.ne.jp,Male,234.93.142.254
172,Carolan,Rolles,crolles4r@flickr.com,Female,243.195.128.167
173,Sean,Ousbie,sousbie4s@hexun.com,Female,237.111.100.95
174,Jorry,M'Chirrie,jmchirrie4t@liveinternet.ru,Female,72.99.209.147
175,Orelle,enzley,oenzley4u@google.ru,Female,138.133.226.111
176,Deena,Bromont,dbromont4v@blogtalkradio.com,Female,150.63.254.88
177,Ambrosi,Vedenisov,avedenisov4w@tmall.com,Male,221.187.40.165
178,Arel,Peacocke,apeacocke4x@washington.edu,Male,145.117.198.172
179,Farrel,Gelling,fgelling4y@google.ru,Genderfluid,31.96.214.74
180,Daria,Minger,dminger4z@theguardian.com,Female,65.216.152.177
181,Lu,Geratasch,lgeratasch50@meetup.com,Female,129.9.156.182
182,Devondra,Baal,dbaal51@va.gov,Female,14.46.235.71
183,Chas,Diver,cdiver52@hostgator.com,Male,118.7.32.225
184,Zack,Guyonnet,zguyonnet53@epa.gov,Male,107.133.21.37
185,Rafi,Scrogges,rscrogges54@gnu.org,Male,168.100.58.251
186,Astrix,Jouhning,ajouhning55@toplist.cz,Female,161.209.174.88
187,Grantley,Nethercott,gnethercott56@dedecms.com,Non-binary,202.175.45.155
188,Odilia,Zeale,ozeale57@china.com.cn,Female,71.38.73.224
189,Bentlee,Endersby,bendersby58@scientificamerican.com,Male,42.77.2.177
190,Martie,Kitchingman,mkitchingman59@princeton.edu,Female,99.117.80.32
191,Karel,Dewdeny,kdewdeny5a@nyu.edu,Male,126.180.38.71
192,Wadsworth,Prandin,wprandin5b@fotki.com,Male,15.86.223.74
193,Rudy,Brundale,rbrundale5c@4shared.com,Male,226.210.135.192
194,Olenka,Fogel,ofogel5d@google.de,Female,204.178.184.244
195,Derron,Borrow,dborrow5e@webs.com,Male,88.67.170.220
196,Angele,Wimlet,awimlet5f@bloglines.com,Female,35.132.71.120
197,Collin,Szymanski,cszymanski5g@columbia.edu,Male,118.6.223.232
198,Gussi,Pimbley,gpimbley5h@sfgate.com,Female,33.105.141.43
199,Cynthie,Chalfain,cchalfain5i@youku.com,Genderfluid,154.73.141.193
200,Darice,Bleasby,dbleasby5j@pcworld.com,Female,219.73.146.168
201,Aindrea,Iddins,aiddins5k@cbc.ca,Agender,173.126.65.202
202,Robinet,Andryushin,randryushin5l@sina.com.cn,Genderfluid,161.147.243.202
203,Dorothy,Westpfel,dwestpfel5m@mozilla.com,Female,156.28.147.17
204,Alexandros,Drissell,adrissell5n@cnbc.com,Male,137.3.195.24
205,Romy,Caunter,rcaunter5o@sogou.com,Bigender,175.131.156.23
206,Reg,Greenall,rgreenall5p@aol.com,Male,229.96.168.45
207,Vallie,Beevis,vbeevis5q@amazon.com,Female,74.14.174.110
208,Laney,Backe,lbacke5r@reuters.com,Female,128.148.38.191
209,Sindee,Phython,sphython5s@spotify.com,Female,185.17.204.222
210,Link,Abrahamovitz,labrahamovitz5t@sina.com.cn,Agender,233.175.61.39
211,Bryana,Biaggetti,bbiaggetti5u@ca.gov,Female,139.31.118.158
212,Talbot,Gosalvez,tgosalvez5v@hhs.gov,Male,230.166.226.33
213,Stacy,Etchells,setchells5w@aol.com,Male,7.168.81.186
214,Viva,De Meis,vdemeis5x@gravatar.com,Genderqueer,108.0.31.25
215,Reinaldos,Aleavy,raleavy5y@oaic.gov.au,Male,227.142.196.214
216,Juli,Chettoe,jchettoe5z@nbcnews.com,Female,207.219.223.92
217,Roana,Van Oort,rvanoort60@constantcontact.com,Female,49.98.75.195
218,Bernelle,Ebbage,bebbage61@cargocollective.com,Polygender,78.36.163.102
219,Regen,Gerrans,rgerrans62@ezinearticles.com,Male,90.38.147.220
220,Benson,Campion,bcampion63@bigcartel.com,Male,154.227.21.81
221,Augustine,Gadson,agadson64@timesonline.co.uk,Male,34.237.205.193
222,James,Sparrow,jsparrow65@topsy.com,Male,19.252.200.58
223,Lindsay,Kitlee,lkitlee66@apple.com,Female,249.49.223.216
224,Constantine,Feifer,cfeifer67@clickbank.net,Non-binary,216.216.107.26
225,Shena,MacSkeaghan,smacskeaghan68@npr.org,Female,234.130.165.137
226,Freeman,Aslott,faslott69@intel.com,Male,97.207.61.37
227,Elwira,Hanny,ehanny6a@istockphoto.com,Female,39.217.187.255
228,Fran,Colvin,fcolvin6b@delicious.com,Male,244.3.65.2
229,Terrye,Ilbert,tilbert6c@cnn.com,Female,42.166.51.41
230,Hughie,Luigi,hluigi6d@indiegogo.com,Male,38.160.150.107
231,Rodrique,Kauffman,rkauffman6e@china.com.cn,Male,89.224.111.192
232,Cathrin,Patroni,cpatroni6f@indiatimes.com,Female,87.12.95.176
233,Pail,Allwell,pallwell6g@boston.com,Bigender,75.61.213.199
234,Brennan,Takle,btakle6h@weather.com,Male,118.179.34.245
235,Bird,Searles,bsearles6i@techcrunch.com,Female,115.90.59.78
236,Arlin,Roderham,aroderham6j@time.com,Male,51.165.140.46
237,Penny,Kupec,pkupec6k@rakuten.co.jp,Female,32.43.128.192
238,Chad,Westmerland,cwestmerland6l@sina.com.cn,Female,213.221.65.226
239,Caresse,Harrell,charrell6m@last.fm,Female,142.157.172.62
240,Faber,Alekseicik,falekseicik6n@tinypic.com,Male,101.7.245.212
241,Tab,Devenish,tdevenish6o@miibeian.gov.cn,Male,7.176.155.148
242,Justinn,Tuberfield,jtuberfield6p@ustream.tv,Female,249.58.150.108
243,Bastien,Goldby,bgoldby6q@dailymail.co.uk,Male,70.35.32.217
244,Dante,Boadby,dboadby6r@jigsy.com,Male,192.4.212.234
245,Dillon,Flaherty,dflaherty6s@spotify.com,Male,198.33.105.112
246,Ave,McCathie,amccathie6t@census.gov,Male,20.179.5.174
247,Boyce,Doerren,bdoerren6u@marriott.com,Male,160.74.214.75
248,Gladys,Mounsie,gmounsie6v@goodreads.com,Genderqueer,81.142.232.84
249,Dwain,Snugg,dsnugg6w@mtv.com,Male,9.246.95.110
250,Arri,Labadini,alabadini6x@linkedin.com,Polygender,225.46.200.39
251,Morgen,Besnardeau,mbesnardeau6y@friendfeed.com,Bigender,241.101.138.79
252,Bibi,Oddboy,boddboy6z@last.fm,Female,1.37.200.111
253,Harris,Kinsman,hkinsman70@histats.com,Male,60.92.180.117
254,Almira,Dufty,adufty71@latimes.com,Female,194.130.84.213
255,Flossi,Galsworthy,fgalsworthy72@odnoklassniki.ru,Female,83.162.157.8
256,Pyotr,Dury,pdury73@flavors.me,Male,87.56.208.76
257,Fern,Gaitone,fgaitone74@prweb.com,Agender,115.202.202.186
258,Rycca,Antuoni,rantuoni75@who.int,Bigender,102.16.115.57
259,Drona,Parsonson,dparsonson76@discovery.com,Female,3.222.95.95
260,Kele,Brydon,kbrydon77@ifeng.com,Male,149.161.153.59
261,Joana,O'Shaughnessy,joshaughnessy78@mapquest.com,Female,207.25.252.26
262,Carmon,Spandley,cspandley79@aboutads.info,Female,82.211.162.12
263,Teodorico,Kuhle,tkuhle7a@scientificamerican.com,Bigender,250.94.42.249
264,Jennica,Carletti,jcarletti7b@newyorker.com,Female,175.236.87.33
265,Lorrie,Avramovitz,lavramovitz7c@wiley.com,Male,22.76.49.242
266,Aubree,Dungate,adungate7d@yale.edu,Female,170.191.180.101
267,Riobard,Spensly,rspensly7e@myspace.com,Male,96.50.235.204
268,Tawnya,Janiszewski,tjaniszewski7f@wufoo.com,Bigender,16.101.89.6
269,Ed,Eggle,eeggle7g@ft.com,Polygender,88.206.68.236
270,Moises,Ovendale,movendale7h@seattletimes.com,Male,103.193.47.134
271,Adams,Sturridge,asturridge7i@google.nl,Non-binary,124.56.227.232
272,Davidde,Hubeaux,dhubeaux7j@dmoz.org,Male,147.92.82.93
273,Avram,Tomankowski,atomankowski7k@booking.com,Male,207.243.164.190
274,Saloma,Emmot,semmot7l@github.io,Female,100.229.111.159
275,Selig,Sermin,ssermin7m@people.com.cn,Male,15.38.212.169
276,Kingston,Sobtka,ksobtka7n@ox.ac.uk,Male,92.194.80.80
277,Stevie,Hakeworth,shakeworth7o@nydailynews.com,Male,21.184.51.166
278,Annetta,Giscken,agiscken7p@addthis.com,Female,44.232.52.40
279,Kelbee,Apfel,kapfel7q@g.co,Male,31.24.196.80
280,Danny,Bodiam,dbodiam7r@usa.gov,Female,254.55.138.159
281,Lee,Rasor,lrasor7s@wisc.edu,Male,39.20.103.202
282,Lyell,Dennidge,ldennidge7t@businessinsider.com,Male,70.133.131.253
283,Dukey,Perris,dperris7u@engadget.com,Male,192.214.138.197
284,Addison,Teasdale-Markie,ateasdalemarkie7v@people.com.cn,Male,45.171.65.129
285,Ollie,Moar,omoar7w@indiegogo.com,Female,36.213.190.148
286,Ravi,Eckhard,reckhard7x@imgur.com,Male,99.98.189.41
287,Evelin,Jakel,ejakel7y@cam.ac.uk,Polygender,136.195.234.113
288,Francyne,Gellibrand,fgellibrand7z@ocn.ne.jp,Female,102.195.118.254
289,Clarabelle,Mingus,cmingus80@twitpic.com,Female,11.182.9.39
290,Zsazsa,Cranmer,zcranmer81@google.com.au,Female,20.88.123.99
291,Desi,Hepher,dhepher82@umn.edu,Male,105.222.214.161
292,Sayre,Dawidsohn,sdawidsohn83@squidoo.com,Non-binary,58.154.78.91
293,Dulsea,Batchan,dbatchan84@netlog.com,Female,41.217.35.198
294,Forrester,Roundtree,froundtree85@senate.gov,Male,178.220.3.97
295,Nara,Slight,nslight86@utexas.edu,Female,117.153.181.145
296,Delinda,Trevaskiss,dtrevaskiss87@plala.or.jp,Female,61.39.80.114
297,Elaina,Gavriel,egavriel88@marketwatch.com,Female,109.108.96.160
298,Cinnamon,Lafontaine,clafontaine89@theglobeandmail.com,Female,219.26.117.198
299,Joya,Lacer,jlacer8a@netscape.com,Female,55.187.148.173
300,Marty,Rawood,mrawood8b@phoca.cz,Female,29.228.42.180
301,Celesta,Dri,cdri8c@scientificamerican.com,Female,235.67.123.4
302,Teddie,Rehme,trehme8d@linkedin.com,Female,106.47.133.142
303,Judy,Shegog,jshegog8e@webmd.com,Agender,144.146.101.12
304,Neddy,Andreassen,nandreassen8f@prlog.org,Polygender,106.19.215.39
305,Molli,Pedican,mpedican8g@nymag.com,Female,2.113.74.109
306,Koenraad,Jardine,kjardine8h@qq.com,Genderfluid,11.225.125.167
307,Daloris,Leirmonth,dleirmonth8i@deliciousdays.com,Female,109.190.30.34
308,Morgen,Mockler,mmockler8j@china.com.cn,Male,208.206.107.211
309,Garey,Balducci,gbalducci8k@issuu.com,Male,0.211.221.170
310,Kendre,Harrema,kharrema8l@flickr.com,Agender,210.241.126.255
311,Cairistiona,Bolin,cbolin8m@fda.gov,Genderqueer,96.66.165.226
312,Curtice,Brennand,cbrennand8n@jiathis.com,Non-binary,31.128.116.142
313,Elfreda,Thomen,ethomen8o@tinyurl.com,Female,69.190.103.144
314,Auroora,Mitchley,amitchley8p@studiopress.com,Female,110.49.19.155
315,Llewellyn,Josilevich,ljosilevich8q@fda.gov,Male,206.216.248.201
316,Debra,Margerison,dmargerison8r@slashdot.org,Female,157.35.139.144
317,Sherry,Ferenczy,sferenczy8s@mediafire.com,Genderqueer,58.63.80.62
318,Constantino,Dublin,cdublin8t@barnesandnoble.com,Male,244.249.202.240
319,Carlita,Clapham,cclapham8u@apache.org,Female,52.20.100.131
320,Anallese,Jentgens,ajentgens8v@reverbnation.com,Female,124.72.145.15
321,Hurlee,Hanscomb,hhanscomb8w@dropbox.com,Male,217.177.219.11
322,Alida,Erangey,aerangey8x@gizmodo.com,Female,46.11.252.62
323,Ardella,Grafton-Herbert,agraftonherbert8y@answers.com,Female,82.89.240.215
324,Puff,Slayny,pslayny8z@whitehouse.gov,Male,94.128.215.174
325,Briana,Kubiak,bkubiak90@time.com,Female,144.118.7.230
326,Dolf,Spohr,dspohr91@blogger.com,Male,87.87.68.249
327,Lorenzo,Beiderbeck,lbeiderbeck92@ted.com,Male,179.194.205.98
328,Deerdre,Joney,djoney93@php.net,Female,193.191.141.187
329,Ellette,Franken,efranken94@usatoday.com,Female,150.122.117.255
330,Stavros,Manclark,smanclark95@nbcnews.com,Male,184.83.176.180
331,Derby,Eliassen,deliassen96@abc.net.au,Male,224.82.227.8
332,Ranique,Hynes,rhynes97@slate.com,Female,149.183.1.49
333,Braden,Bonevant,bbonevant98@sina.com.cn,Male,214.175.8.165
334,Moina,Antcliff,mantcliff99@360.cn,Female,94.126.109.240
335,Kalinda,Aucoate,kaucoate9a@intel.com,Female,130.151.166.244
336,Mandi,Kleint,mkleint9b@mediafire.com,Female,75.184.122.61
337,Margarethe,Sulter,msulter9c@google.com.hk,Female,103.75.136.218
338,Jessi,Nodes,jnodes9d@istockphoto.com,Female,45.76.123.192
339,Timothee,Gilchriest,tgilchriest9e@devhub.com,Male,186.25.218.1
340,Ulick,Zywicki,uzywicki9f@goo.gl,Male,94.9.28.115
341,Moira,Jobb,mjobb9g@techcrunch.com,Female,45.52.111.103
342,Adena,Leer,aleer9h@un.org,Female,158.208.156.111
343,Donn,Duffit,dduffit9i@boston.com,Male,62.26.105.100
344,Fraze,Ivanov,fivanov9j@squidoo.com,Male,26.172.208.24
345,Ambrosio,Petroulis,apetroulis9k@plala.or.jp,Male,115.7.175.27
346,Leann,Minchenton,lminchenton9l@home.pl,Female,116.234.190.86
347,Sherilyn,Keers,skeers9m@sbwire.com,Female,57.118.23.93
348,Shaine,Brood,sbrood9n@go.com,Male,236.6.118.111
349,Modesty,Sponder,msponder9o@creativecommons.org,Female,167.235.108.87
350,Tally,McAndie,tmcandie9p@quantcast.com,Male,108.133.87.165
351,Redd,Bardsley,rbardsley9q@toplist.cz,Male,143.180.15.91
352,Forest,Doey,fdoey9r@xrea.com,Male,233.149.224.83
353,Bald,Lethardy,blethardy9s@merriam-webster.com,Male,137.222.202.123
354,Lacee,Tremblay,ltremblay9t@intel.com,Bigender,157.235.200.134
355,Sig,Goady,sgoady9u@mashable.com,Male,102.3.245.223
356,Genevra,Pyke,gpyke9v@ifeng.com,Female,201.232.236.236
357,Griffy,Griffen,ggriffen9w@vkontakte.ru,Male,73.54.107.123
358,Evvie,Theobold,etheobold9x@tuttocitta.it,Female,103.228.211.203
359,Janine,Medling,jmedling9y@jalbum.net,Female,4.200.234.70
360,Hal,Petican,hpetican9z@vk.com,Male,203.58.66.115
361,Birgit,Pablo,bpabloa0@yahoo.com,Female,68.240.204.36
362,Irv,Aliman,ialimana1@fema.gov,Male,48.175.248.242
363,Dreddy,Camus,dcamusa2@berkeley.edu,Female,68.192.200.64
364,Doy,Grosier,dgrosiera3@chron.com,Non-binary,5.195.86.217
365,Fabiano,Bertwistle,fbertwistlea4@mysql.com,Male,75.247.181.158
366,Roseanna,Newsome,rnewsomea5@plala.or.jp,Female,142.61.113.251
367,Noel,Sybe,nsybea6@guardian.co.uk,Male,52.98.152.30
368,Goddart,Paulusch,gpauluscha7@macromedia.com,Male,198.227.222.107
369,Allister,Elsy,aelsya8@example.com,Male,223.213.70.174
370,Konstanze,Rubbens,krubbensa9@columbia.edu,Agender,172.1.32.141
371,Neil,Hegley,nhegleyaa@psu.edu,Male,5.233.207.212
372,Alano,Heams,aheamsab@desdev.cn,Male,136.210.38.139
373,Gladys,Nelsey,gnelseyac@hud.gov,Female,64.249.175.20
374,Goldy,Liell,gliellad@chronoengine.com,Female,204.225.180.167
375,Vinni,Climo,vclimoae@wunderground.com,Female,189.211.178.120
376,Aldo,Denidge,adenidgeaf@freewebs.com,Male,97.126.126.81
377,Rozalie,Peddowe,rpeddoweag@nbcnews.com,Female,158.31.106.223
378,Levey,Planque,lplanqueah@gov.uk,Male,14.204.142.101
379,Roxana,Ritson,rritsonai@tinypic.com,Genderqueer,78.224.186.70
380,Annecorinne,Grimbaldeston,agrimbaldestonaj@hubpages.com,Polygender,107.218.216.215
381,Kaleb,Lamboll,klambollak@diigo.com,Male,73.209.117.95
382,Cicily,Mellenby,cmellenbyal@sciencedirect.com,Female,236.18.15.27
383,Roy,Munn,rmunnam@joomla.org,Male,125.232.124.26
384,Bary,Acosta,bacostaan@youku.com,Non-binary,102.145.184.21
385,Winn,Congram,wcongramao@meetup.com,Male,229.145.108.68
386,Hermine,Shaul,hshaulap@whitehouse.gov,Female,95.86.95.249
387,Mathilde,Frentz,mfrentzaq@flickr.com,Female,189.183.75.58
388,Gina,Randalston,grandalstonar@sogou.com,Female,174.29.224.225
389,Inness,Mordacai,imordacaias@mediafire.com,Male,86.75.154.169
390,Louise,Covelle,lcovelleat@meetup.com,Female,198.245.124.206
391,Isabel,Parysowna,iparysownaau@mediafire.com,Bigender,140.92.83.172
392,Lanny,Greeveson,lgreevesonav@mashable.com,Female,169.238.102.223
393,Emerson,Rye,eryeaw@google.ru,Male,67.111.77.69
394,Richie,Jansa,rjansaax@hp.com,Male,196.153.96.158
395,Rex,Lorking,rlorkingay@discovery.com,Male,192.199.125.145
396,Celeste,Raubheim,craubheimaz@about.me,Genderqueer,19.206.92.90
397,Jeffie,Hedderly,jhedderlyb0@merriam-webster.com,Male,63.101.96.13
398,Charlotta,MacGinlay,cmacginlayb1@mac.com,Female,69.37.101.249
399,Bronnie,Bony,bbonyb2@lulu.com,Male,69.163.47.70
400,Welch,Cesaric,wcesaricb3@blinklist.com,Male,20.58.98.131
401,Jennie,Welland,jwellandb4@blogspot.com,Female,193.72.41.35
402,Lesley,Arondel,larondelb5@skyrock.com,Male,150.228.153.223
403,Cassandry,Derricoat,cderricoatb6@a8.net,Female,98.143.16.255
404,Lily,Tinsey,ltinseyb7@upenn.edu,Female,96.57.77.244
405,Natka,Robjant,nrobjantb8@wikimedia.org,Female,221.131.107.154
406,Starlin,Ambrosoni,sambrosonib9@patch.com,Female,24.213.203.154
407,Leicester,Patmore,lpatmoreba@un.org,Polygender,74.221.78.167
408,Byrle,Richen,brichenbb@accuweather.com,Male,67.28.165.48
409,Donia,Harborow,dharborowbc@skype.com,Female,143.120.119.15
410,Margret,Seleway,mselewaybd@hexun.com,Non-binary,156.125.115.194
411,Red,Ouslem,rouslembe@trellian.com,Male,26.119.139.8
412,Vivianna,Gimenez,vgimenezbf@loc.gov,Female,175.95.200.21
413,Issiah,Angus,iangusbg@shop-pro.jp,Male,56.234.202.214
414,Fin,O'Loinn,foloinnbh@exblog.jp,Male,163.240.139.97
415,Talbert,MacRory,tmacrorybi@1und1.de,Male,119.190.231.144
416,Noland,Helling,nhellingbj@kickstarter.com,Male,45.160.162.82
417,Nancie,Isted,nistedbk@comcast.net,Female,75.37.240.194
418,Buck,Carlton,bcarltonbl@deliciousdays.com,Male,251.41.35.4
419,Khalil,Pownall,kpownallbm@independent.co.uk,Male,62.26.20.170
420,Urson,Coke,ucokebn@bandcamp.com,Male,52.46.99.108
421,Janaya,Reilly,jreillybo@ebay.co.uk,Female,243.225.3.149
422,Jonas,Gimlet,jgimletbp@spotify.com,Male,106.132.79.107
423,Sander,Ferenczi,sferenczibq@yelp.com,Male,48.146.36.54
424,Curcio,Trehearne,ctrehearnebr@state.tx.us,Male,176.131.50.116
425,Harmon,Howse,hhowsebs@xing.com,Male,97.225.10.160
426,Dorris,Isaac,disaacbt@shareasale.com,Female,93.115.122.239
427,Collie,Bleier,cbleierbu@typepad.com,Female,222.47.128.228
428,Kenon,Kairns,kkairnsbv@twitter.com,Male,113.61.167.43
429,Mordy,Brearty,mbreartybw@purevolume.com,Male,192.45.86.228
430,Lotti,Duckerin,lduckerinbx@si.edu,Female,253.156.43.27
431,Den,Tabard,dtabardby@webeden.co.uk,Male,148.208.130.189
432,Chery,Cawthry,ccawthrybz@globo.com,Female,27.212.244.222
433,Samara,Rodenburgh,srodenburghc0@merriam-webster.com,Female,149.240.57.239
434,Husain,Stoggles,hstogglesc1@youku.com,Male,182.126.210.231
435,Benjy,Simmings,bsimmingsc2@wikia.com,Male,205.148.103.64
436,Corrine,Goman,cgomanc3@mashable.com,Female,48.225.147.144
437,Evita,Paradise,eparadisec4@google.com.br,Female,180.182.255.239
438,Franz,Arch,farchc5@eventbrite.com,Male,71.32.186.18
439,Eolanda,Gerrets,egerretsc6@blogs.com,Female,50.192.7.15
440,Neils,Weare,nwearec7@cpanel.net,Male,203.122.80.53
441,Roddie,Coulling,rcoullingc8@weebly.com,Male,47.208.96.80
442,Nico,Chance,nchancec9@topsy.com,Male,204.254.208.163
443,Melodee,Fotheringham,mfotheringhamca@tiny.cc,Agender,97.102.137.117
444,Sheeree,Cleyburn,scleyburncb@elegantthemes.com,Female,137.168.175.8
445,Oswell,Skea,oskeacc@wix.com,Male,166.8.223.237
446,Elbertine,Kivits,ekivitscd@comsenz.com,Female,225.21.13.22
447,Karon,McRinn,kmcrinnce@tinyurl.com,Female,229.182.90.193
448,Winfield,Vickerstaff,wvickerstaffcf@discovery.com,Male,28.55.89.6
449,Skippie,Doughartie,sdoughartiecg@earthlink.net,Male,73.41.5.154
450,Alyss,Feldstein,afeldsteinch@bbc.co.uk,Polygender,1.146.19.228
451,Zachary,Wornum,zwornumci@so-net.ne.jp,Male,84.58.141.190
452,Vally,Roycroft,vroycroftcj@icq.com,Female,205.204.216.17
453,Mommy,Nolleth,mnollethck@creativecommons.org,Bigender,60.34.239.149
454,Sharl,Eschelle,seschellecl@live.com,Female,200.213.166.186
455,Caleb,Defty,cdeftycm@army.mil,Male,27.85.193.26
456,Peggie,Taw,ptawcn@uol.com.br,Female,75.235.16.217
457,Levin,Uff,luffco@jigsy.com,Male,149.244.122.141
458,Inge,Sooley,isooleycp@altervista.org,Female,70.55.61.117
459,Phillie,Lanning,planningcq@admin.ch,Female,252.95.131.28
460,Josh,Pottell,jpottellcr@paginegialle.it,Male,104.187.81.137
461,Alma,Worsfold,aworsfoldcs@census.gov,Non-binary,99.214.92.193
462,Mallorie,Bernini,mberninict@over-blog.com,Female,199.74.123.231
463,Sophie,Innocent,sinnocentcu@1und1.de,Female,243.179.201.233
464,Dov,Pingstone,dpingstonecv@chronoengine.com,Male,195.206.37.135
465,Aurora,Whitta,awhittacw@cpanel.net,Female,29.216.6.78
466,Lissy,Castana,lcastanacx@ftc.gov,Female,98.158.233.253
467,Norean,Joreau,njoreaucy@amazon.co.jp,Female,183.220.67.199
468,Damien,Spall,dspallcz@naver.com,Male,231.139.223.156
469,Farleigh,Heppner,fheppnerd0@upenn.edu,Male,8.215.13.84
470,Clemens,Louden,cloudend1@diigo.com,Male,210.233.203.147
471,Niven,Lynch,nlynchd2@last.fm,Male,128.177.195.228
472,Nance,Dumphries,ndumphriesd3@sciencedirect.com,Female,19.33.62.155
473,Elayne,Berntssen,eberntssend4@bandcamp.com,Bigender,177.233.83.154
474,Rurik,Jost,rjostd5@toplist.cz,Male,51.9.170.206
475,Hillery,Creegan,hcreegand6@eepurl.com,Male,137.132.12.254
476,Maressa,Falla,mfallad7@blogspot.com,Female,25.201.8.130
477,Beck,Cavill,bcavilld8@de.vu,Male,54.46.41.233
478,Renado,Webben,rwebbend9@shareasale.com,Male,183.123.199.72
479,Man,Eusden,meusdenda@nsw.gov.au,Male,158.164.255.178
480,Bale,Tennison,btennisondb@taobao.com,Non-binary,207.138.144.178
481,Darren,Alanbrooke,dalanbrookedc@thetimes.co.uk,Male,91.208.22.127
482,Valeda,Darragh,vdarraghdd@latimes.com,Female,130.2.175.76
483,Maurise,Currum,mcurrumde@diigo.com,Male,241.87.160.117
484,Allsun,Crossley,acrossleydf@opera.com,Female,216.251.81.83
485,Myranda,Jeppe,mjeppedg@dagondesign.com,Female,154.135.32.27
486,Shawnee,Bassham,sbasshamdh@homestead.com,Female,173.203.186.70
487,Raddie,Stockdale,rstockdaledi@jigsy.com,Male,135.210.67.169
488,Chastity,Antrag,cantragdj@bandcamp.com,Female,34.187.147.201
489,Isidor,Moir,imoirdk@addthis.com,Male,245.87.220.52
490,Matty,Forrestor,mforrestordl@timesonline.co.uk,Male,146.134.21.232
491,Vivien,Lubbock,vlubbockdm@ycombinator.com,Agender,85.102.73.253
492,Zsazsa,Byre,zbyredn@smugmug.com,Female,78.85.81.151
493,Marvin,Padilla,mpadillado@cafepress.com,Male,28.25.13.149
494,Tynan,Swinyard,tswinyarddp@nba.com,Male,139.158.113.45
495,Gardie,McKenney,gmckenneydq@deliciousdays.com,Male,48.225.222.220
496,Roland,Izsak,rizsakdr@amazonaws.com,Genderqueer,68.90.141.121
497,Constantin,Rooney,crooneyds@163.com,Male,46.33.167.101
498,Haily,Cleveley,hcleveleydt@latimes.com,Male,75.77.5.163
499,Sigfrid,Mish,smishdu@wp.com,Male,200.246.240.8
500,Nonah,Pickering,npickeringdv@yolasite.com,Female,14.148.42.35
501,Forbes,Houdmont,fhoudmontdw@geocities.jp,Male,211.196.193.40
502,Glad,Natte,gnattedx@tripod.com,Female,117.123.80.149
503,Jeremie,Batchelder,jbatchelderdy@bandcamp.com,Male,171.63.57.7
504,Neila,Battson,nbattsondz@histats.com,Female,166.254.141.219
505,Haze,Meeus,hmeeuse0@eventbrite.com,Male,105.126.141.45
506,Bryan,Tante,btantee1@joomla.org,Male,199.180.96.169
507,Myles,Mac,mmace2@npr.org,Male,89.29.245.171
508,Freddie,Woodhead,fwoodheade3@vimeo.com,Male,212.237.59.104
509,Randene,Haller,rhallere4@ucsd.edu,Genderqueer,30.71.135.154
510,Tedi,Feely,tfeelye5@nydailynews.com,Non-binary,242.30.15.110
511,Agustin,Beames,abeamese6@census.gov,Male,143.211.115.241
512,Pippa,Tenaunt,ptenaunte7@1und1.de,Genderfluid,175.115.43.220
513,Willetta,Pinsent,wpinsente8@flavors.me,Bigender,211.25.110.74
514,Ives,Vischi,ivischie9@netscape.com,Male,156.82.66.218
515,Chryste,Henrionot,chenrionotea@ezinearticles.com,Female,83.0.223.126
516,Trisha,Gravy,tgravyeb@simplemachines.org,Female,124.151.17.58
517,Katerine,Craske,kcraskeec@angelfire.com,Agender,97.18.186.53
518,Glyn,McLugaish,gmclugaished@oakley.com,Female,114.188.219.128
519,Petra,Balharrie,pbalharrieee@drupal.org,Female,3.248.23.156
520,Isidor,Gilstin,igilstinef@columbia.edu,Male,233.173.78.77
521,Shermy,Ivanishev,sivanisheveg@wufoo.com,Male,113.193.77.165
522,Jephthah,Lansberry,jlansberryeh@canalblog.com,Male,27.81.92.53
523,Liliane,Cuchey,lcucheyei@indiegogo.com,Female,249.154.108.144
524,Billie,Barnby,bbarnbyej@mapquest.com,Female,104.151.176.164
525,Noll,Torns,ntornsek@dropbox.com,Bigender,88.16.32.73
526,Wainwright,Dollard,wdollardel@feedburner.com,Male,210.97.97.2
527,Kikelia,Mulrooney,kmulrooneyem@netvibes.com,Female,132.219.50.234
528,Tilly,Grigsby,tgrigsbyen@yellowpages.com,Female,211.165.142.71
529,Abdul,Ottiwill,aottiwilleo@imgur.com,Male,93.195.13.117
530,Gail,Kilbey,gkilbeyep@ocn.ne.jp,Female,78.161.134.20
531,Gibbie,Deschlein,gdeschleineq@vimeo.com,Male,183.120.187.83
532,Ariel,Claydon,aclaydoner@shutterfly.com,Male,236.31.214.177
533,Earl,Cocklin,ecocklines@tuttocitta.it,Male,148.145.7.255
534,Dawna,Gouldstraw,dgouldstrawet@odnoklassniki.ru,Female,59.190.1.27
535,Leopold,Dawley,ldawleyeu@linkedin.com,Male,43.21.17.116
536,Arnaldo,Hurt,ahurtev@desdev.cn,Male,174.123.8.148
537,Deena,Bracher,dbracherew@sciencedirect.com,Agender,202.214.64.101
538,Ofelia,Shuttle,oshuttleex@google.com.hk,Non-binary,22.72.16.214
539,Kaitlin,Danihel,kdaniheley@sfgate.com,Female,53.39.177.78
540,Marcus,Mynard,mmynardez@prnewswire.com,Male,20.184.183.105
541,Farrah,Kayley,fkayleyf0@elegantthemes.com,Female,86.145.110.45
542,Rebecca,Balnaves,rbalnavesf1@free.fr,Female,181.71.95.213
543,Che,Millmore,cmillmoref2@ibm.com,Male,67.144.153.14
544,Lolly,Dehm,ldehmf3@sogou.com,Genderqueer,133.39.243.84
545,Gina,Bysaker,gbysakerf4@sakura.ne.jp,Female,103.165.167.122
546,Marina,Bonner,mbonnerf5@opera.com,Female,204.143.200.144
547,Millicent,Dioniso,mdionisof6@hugedomains.com,Female,78.174.226.178
548,Lodovico,Balcombe,lbalcombef7@exblog.jp,Male,169.126.224.63
549,Faith,Klambt,fklambtf8@amazon.co.jp,Female,67.187.1.219
550,Meridith,Clewes,mclewesf9@desdev.cn,Bigender,144.118.47.209
551,Darda,Snaith,dsnaithfa@dedecms.com,Female,35.214.220.80
552,Jannel,Rushton,jrushtonfb@mapquest.com,Female,58.100.39.249
553,Leopold,Letteresse,lletteressefc@virginia.edu,Male,8.86.55.34
554,Uta,Lummis,ulummisfd@icio.us,Female,224.43.217.90
555,Niel,Dagwell,ndagwellfe@fastcompany.com,Male,114.81.203.254
556,Alair,McCloy,amccloyff@illinois.edu,Male,171.125.48.35
557,Saraann,Woolrich,swoolrichfg@oakley.com,Female,93.248.244.51
558,Dicky,Tabart,dtabartfh@topsy.com,Male,153.116.53.161
559,Gretal,Ings,gingsfi@barnesandnoble.com,Female,222.237.169.144
560,Dreddy,Martinson,dmartinsonfj@wikia.com,Female,150.23.254.86
561,Innis,Gulberg,igulbergfk@addthis.com,Male,227.140.127.170
562,Vinson,Kroll,vkrollfl@usda.gov,Male,94.38.187.189
563,Deeann,Raft,draftfm@51.la,Female,160.205.33.33
564,Mohandas,Feak,mfeakfn@psu.edu,Male,121.159.249.18
565,Kristoforo,Pridmore,kpridmorefo@constantcontact.com,Male,245.116.118.61
566,Herby,Gretham,hgrethamfp@fc2.com,Male,219.162.139.218
567,Theo,Raye,trayefq@gmpg.org,Female,49.120.188.244
568,Nat,Danser,ndanserfr@cisco.com,Female,60.154.114.166
569,Jabez,Rosoni,jrosonifs@scribd.com,Male,79.48.199.55
570,Clementine,Tiuit,ctiuitft@tripadvisor.com,Female,10.63.86.99
571,Amitie,Foucard,afoucardfu@nba.com,Female,138.186.74.120
572,Ezmeralda,Glassopp,eglassoppfv@wikimedia.org,Female,234.189.240.178
573,Hort,Pantry,hpantryfw@geocities.jp,Male,158.86.69.95
574,Donal,Eglise,deglisefx@prlog.org,Male,203.19.1.145
575,Mohandis,Batecok,mbatecokfy@google.de,Male,81.93.145.187
576,Bradly,Filochov,bfilochovfz@constantcontact.com,Male,14.220.93.156
577,Perceval,Glassman,pglassmang0@friendfeed.com,Male,164.206.251.155
578,Perl,Giacopelo,pgiacopelog1@nba.com,Female,7.18.94.57
579,Babara,Bendtsen,bbendtseng2@github.com,Female,157.22.90.112
580,Tadio,Bourne,tbourneg3@desdev.cn,Male,54.245.120.149
581,Giustino,Isakowicz,gisakowiczg4@usa.gov,Male,137.180.33.244
582,Dudley,Jennery,djenneryg5@redcross.org,Male,30.227.37.249
583,Gran,Bowman,gbowmang6@weebly.com,Male,235.159.31.212
584,Son,Allanby,sallanbyg7@wordpress.com,Male,167.61.12.253
585,Homer,Stiegers,hstiegersg8@istockphoto.com,Male,70.171.189.199
586,Lloyd,Griston,lgristong9@umich.edu,Male,244.252.82.66
587,Dee dee,Dangerfield,ddangerfieldga@ask.com,Female,222.133.140.167
588,Martica,Fahrenbacher,mfahrenbachergb@unesco.org,Female,114.152.246.159
589,D'arcy,Hawtry,dhawtrygc@google.com.br,Male,196.168.166.91
590,Julianna,Benoey,jbenoeygd@techcrunch.com,Non-binary,33.161.149.116
591,Ellary,Plane,eplanege@gizmodo.com,Non-binary,160.235.207.16
592,Lucius,Lecointe,llecointegf@dell.com,Male,7.63.2.112
593,Aile,Dodwell,adodwellgg@washingtonpost.com,Female,138.144.38.76
594,Davis,Kinforth,dkinforthgh@usatoday.com,Male,153.75.48.245
595,Nomi,Sanger,nsangergi@globo.com,Female,6.162.199.237
596,Gus,Bubeer,gbubeergj@sfgate.com,Male,151.210.115.147
597,Barry,Melmar,bmelmargk@harvard.edu,Male,250.41.20.69
598,Jameson,Staddart,jstaddartgl@etsy.com,Male,14.175.154.30
599,Sonny,Beloe,sbeloegm@yellowbook.com,Female,178.237.12.17
600,Zola,Stanborough,zstanboroughgn@purevolume.com,Female,149.119.211.231
601,Billye,Birmingham,bbirminghamgo@unesco.org,Female,253.231.70.29
602,Matthieu,Duinbleton,mduinbletongp@ox.ac.uk,Agender,67.172.204.128
603,Harri,Bare,hbaregq@nature.com,Agender,41.240.237.158
604,Daphene,Harwick,dharwickgr@smh.com.au,Female,255.148.162.43
605,Ruthe,Arens,rarensgs@pen.io,Female,132.48.61.63
606,Caritta,Rohlfing,crohlfinggt@123-reg.co.uk,Female,230.61.234.207
607,Trixi,Mc Gee,tmcgeegu@mozilla.com,Female,204.125.17.189
608,Gallagher,Farrent,gfarrentgv@ucoz.com,Male,159.146.8.91
609,Arlie,Anlay,aanlaygw@tiny.cc,Female,19.218.35.237
610,Annabal,Ciciura,aciciuragx@nyu.edu,Female,105.85.107.82
611,Auberon,Snooks,asnooksgy@walmart.com,Bigender,78.99.232.27
612,Shelia,Astill,sastillgz@scientificamerican.com,Female,88.52.123.98
613,Ruby,Rubenov,rrubenovh0@un.org,Genderfluid,55.75.80.226
614,Nathalia,Charles,ncharlesh1@addtoany.com,Female,134.28.61.225
615,Ezra,Ferreli,eferrelih2@typepad.com,Male,140.36.243.91
616,Inness,Sweedy,isweedyh3@uol.com.br,Male,231.109.196.40
617,Codee,Streak,cstreakh4@smugmug.com,Female,199.161.15.67
618,Starlin,Blakesley,sblakesleyh5@who.int,Female,180.178.25.7
619,Urbano,Oger,uogerh6@blogger.com,Male,40.216.42.26
620,Creight,Nutkin,cnutkinh7@taobao.com,Male,86.112.168.112
621,Ulick,Bortolini,ubortolinih8@oakley.com,Male,26.149.228.148
622,Hanson,Pickford,hpickfordh9@webmd.com,Male,238.122.70.1
623,Shanda,Goldthorpe,sgoldthorpeha@forbes.com,Female,80.116.125.220
624,Fidelia,Amber,famberhb@upenn.edu,Female,238.216.36.186
625,Lynnell,Braunstein,lbraunsteinhc@jalbum.net,Female,94.146.123.228
626,Alecia,Stride,astridehd@sina.com.cn,Female,116.1.90.169
627,Cullie,Sailes,csaileshe@tinypic.com,Male,191.95.68.232
628,Winnah,Lodwick,wlodwickhf@patch.com,Female,246.89.106.21
629,Daron,Dodsley,ddodsleyhg@berkeley.edu,Bigender,188.89.101.21
630,Tristam,Gierok,tgierokhh@freewebs.com,Male,31.168.6.108
631,Elonore,Sizey,esizeyhi@edublogs.org,Female,227.66.59.105
632,Gwen,Heditch,gheditchhj@google.com.hk,Female,77.250.204.48
633,Richie,Duddridge,rduddridgehk@dion.ne.jp,Male,162.163.208.24
634,Georgi,Wharrier,gwharrierhl@free.fr,Male,35.178.183.13
635,Melinde,Duffell,mduffellhm@mozilla.com,Genderfluid,218.179.39.45
636,Madelina,Doak,mdoakhn@netscape.com,Female,239.101.25.250
637,Abie,Thoumasson,athoumassonho@hud.gov,Male,183.146.229.30
638,Andros,Haimes,ahaimeshp@yolasite.com,Male,160.233.143.98
639,Tobias,Maccrea,tmaccreahq@geocities.jp,Male,117.255.175.22
640,Elna,de Quesne,edequesnehr@yellowbook.com,Female,253.29.126.32
641,Welch,Blois,wbloishs@wisc.edu,Male,15.37.157.222
642,Becka,Corneliussen,bcorneliussenht@blinklist.com,Female,43.167.38.88
643,Margalo,Tilt,mtilthu@sbwire.com,Polygender,75.23.3.163
644,Chlo,Soigoux,csoigouxhv@opera.com,Female,138.205.56.215
645,Hewe,Pallas,hpallashw@last.fm,Male,26.52.115.107
646,Kenton,Brockie,kbrockiehx@tripadvisor.com,Male,84.124.210.80
647,Valentine,Kyston,vkystonhy@answers.com,Male,190.206.159.18
648,Guillaume,Dykes,gdykeshz@wsj.com,Male,153.138.62.96
649,Brewer,Cawthorn,bcawthorni0@reverbnation.com,Male,69.204.55.132
650,Blakeley,MacCawley,bmaccawleyi1@wikipedia.org,Female,227.117.130.7
651,Elianora,Draijer,edraijeri2@lycos.com,Agender,76.64.174.14
652,Kate,Detoc,kdetoci3@aol.com,Female,58.124.252.219
653,Patrica,Griffin,pgriffini4@nydailynews.com,Female,36.186.15.180
654,Coral,Bleas,cbleasi5@vinaora.com,Female,219.158.238.82
655,Ulberto,Yurtsev,uyurtsevi6@cpanel.net,Male,180.0.5.244
656,Myra,Curness,mcurnessi7@quantcast.com,Female,40.17.236.139
657,Annalise,Ruggier,aruggieri8@icio.us,Female,143.181.243.47
658,Loleta,Poolton,lpooltoni9@sohu.com,Female,198.54.0.118
659,Ryon,Crenage,rcrenageia@nyu.edu,Male,13.156.226.240
660,Alphonso,Duke,adukeib@disqus.com,Male,126.135.52.50
661,Pris,Ridges,pridgesic@yahoo.co.jp,Agender,2.226.152.39
662,Emile,Treske,etreskeid@oaic.gov.au,Male,219.79.118.1
663,Teressa,Dyster,tdysterie@example.com,Female,206.80.53.94
664,Hattie,Drackford,hdrackfordif@telegraph.co.uk,Female,241.104.197.180
665,Chickie,Mildmott,cmildmottig@networkadvertising.org,Female,30.5.227.188
666,Frankie,Millsom,fmillsomih@rakuten.co.jp,Female,44.4.149.83
667,Rog,Mattia,rmattiaii@home.pl,Male,135.153.43.96
668,Andy,Orgen,aorgenij@gov.uk,Agender,79.203.57.11
669,Chery,O'Connolly,coconnollyik@discuz.net,Female,97.84.13.51
670,Vick,Rabbatts,vrabbattsil@dell.com,Male,144.169.128.218
671,Vernice,Phebey,vphebeyim@time.com,Female,205.167.83.3
672,Ora,Giacomasso,ogiacomassoin@businesswire.com,Female,77.253.161.169
673,Devy,Kunze,dkunzeio@cpanel.net,Male,213.156.130.48
674,Taddeo,Nobles,tnoblesip@g.co,Male,33.147.23.225
675,Joane,Hannah,jhannahiq@microsoft.com,Female,132.137.187.204
676,Chickie,Jefford,cjeffordir@nps.gov,Polygender,121.229.201.245
677,Keelia,Pole,kpoleis@prlog.org,Female,124.106.120.198
678,Yuma,Eastridge,yeastridgeit@rambler.ru,Male,118.108.14.107
679,Kermie,Riddoch,kriddochiu@dropbox.com,Male,194.35.106.19
680,Cody,Bearne,cbearneiv@deliciousdays.com,Female,66.14.189.156
681,Osgood,Kennelly,okennellyiw@tamu.edu,Male,68.179.185.149
682,Andrus,Gimeno,agimenoix@domainmarket.com,Male,53.171.254.84
683,Ervin,Skeemer,eskeemeriy@dedecms.com,Male,116.40.104.198
684,Meggie,Guare,mguareiz@ow.ly,Female,121.180.30.229
685,Nicko,Jewise,njewisej0@omniture.com,Male,118.216.19.83
686,Hertha,Jaquin,hjaquinj1@freewebs.com,Female,49.129.89.187
687,Jarad,Smedley,jsmedleyj2@wikispaces.com,Male,238.235.178.67
688,Beatrix,Johnston,bjohnstonj3@umich.edu,Female,174.212.248.132
689,Phylys,Goddert.sf,pgoddertsfj4@lulu.com,Female,0.52.186.61
690,Erhard,Trounce,etrouncej5@istockphoto.com,Male,204.217.30.214
691,Dorena,McMylor,dmcmylorj6@berkeley.edu,Female,15.145.140.89
692,Emanuel,Lumb,elumbj7@usatoday.com,Bigender,140.50.244.128
693,Hayward,Borgne,hborgnej8@networkadvertising.org,Male,252.220.254.86
694,Hussein,Bloodworthe,hbloodworthej9@comsenz.com,Male,134.4.127.249
695,Coop,Lammert,clammertja@businessinsider.com,Male,43.229.137.125
696,Antonia,Dyble,adyblejb@live.com,Female,24.141.99.38
697,Wash,Creser,wcreserjc@walmart.com,Male,31.221.125.243
698,Portia,Sweet,psweetjd@rediff.com,Female,7.17.177.161
699,Josias,McDonough,jmcdonoughje@zimbio.com,Male,234.80.58.128
700,Udale,Milier,umilierjf@shinystat.com,Male,19.251.144.240
701,Patten,Corre,pcorrejg@behance.net,Male,129.113.46.110
702,Miller,Mogford,mmogfordjh@tripadvisor.com,Male,72.216.161.79
703,Vinny,Grishinov,vgrishinovji@ustream.tv,Male,106.29.97.196
704,Brett,Fair,bfairjj@irs.gov,Female,31.215.73.157
705,Carina,Conelly,cconellyjk@cnbc.com,Female,66.70.192.60
706,Diane,Ickovitz,dickovitzjl@cyberchimps.com,Polygender,103.172.215.114
707,Inger,Lipscombe,ilipscombejm@wp.com,Male,118.27.22.60
708,Esteban,Sergent,esergentjn@canalblog.com,Male,200.131.0.56
709,Dorelle,Rickeard,drickeardjo@acquirethisname.com,Female,182.123.195.171
710,Bron,Carlile,bcarlilejp@forbes.com,Male,76.191.141.20
711,Veronika,Lindley,vlindleyjq@ucoz.ru,Female,201.3.31.26
712,Siusan,Crook,scrookjr@ifeng.com,Female,19.38.79.89
713,Antonin,Tunniclisse,atunniclissejs@goo.ne.jp,Male,206.103.146.202
714,Valli,Chattelaine,vchattelainejt@freewebs.com,Female,205.113.11.129
715,Nomi,Corten,ncortenju@guardian.co.uk,Female,136.38.140.109
716,Darill,Greystoke,dgreystokejv@hao123.com,Male,233.122.232.175
717,Alley,Thorne,athornejw@wiley.com,Male,189.110.117.10
718,Danette,McCullogh,dmcculloghjx@mapy.cz,Female,218.178.58.68
719,Kara-lynn,Largan,klarganjy@go.com,Female,6.17.126.230
720,Dacy,Korneev,dkorneevjz@goo.ne.jp,Polygender,159.51.62.133
721,Eziechiele,Pfertner,epfertnerk0@qq.com,Male,175.254.129.19
722,Winny,Ricci,wriccik1@army.mil,Male,89.61.177.210
723,August,Nevin,anevink2@samsung.com,Male,79.42.122.159
724,Missie,Oventon,moventonk3@mail.ru,Female,222.126.113.242
725,Arlene,Burditt,aburdittk4@nasa.gov,Female,65.71.37.245
726,Hyacinthia,Josey,hjoseyk5@google.it,Female,110.160.50.218
727,Wendeline,Willcox,wwillcoxk6@netlog.com,Non-binary,19.50.142.60
728,Carin,Chicchelli,cchicchellik7@nsw.gov.au,Polygender,144.7.41.203
729,Smitty,Frame,sframek8@bbc.co.uk,Male,71.59.223.230
730,Welsh,Raspel,wraspelk9@illinois.edu,Male,228.125.116.255
731,Adrien,Speariett,aspeariettka@amazon.com,Male,100.99.84.222
732,Rayshell,Keach,rkeachkb@earthlink.net,Female,184.28.171.108
733,Lia,Dunthorne,ldunthornekc@intel.com,Female,94.160.153.70
734,Lyn,Greeveson,lgreevesonkd@homestead.com,Male,155.202.136.156
735,Kippie,McSharry,kmcsharryke@theatlantic.com,Male,255.124.15.117
736,Lombard,Warin,lwarinkf@imageshack.us,Genderfluid,121.103.84.148
737,Heddi,Tebbe,htebbekg@thetimes.co.uk,Female,70.245.186.11
738,Kira,Czaple,kczaplekh@godaddy.com,Female,150.222.244.132
739,Humphrey,Sandilands,hsandilandski@cmu.edu,Male,161.38.16.213
740,Geoffrey,Guiducci,gguiduccikj@webeden.co.uk,Male,197.249.79.11
741,Paton,Inman,pinmankk@ocn.ne.jp,Male,32.46.17.113
742,Dorisa,Kamien,dkamienkl@angelfire.com,Female,244.248.222.198
743,Aloysia,Chessun,achessunkm@paypal.com,Female,92.228.87.106
744,Kit,Hunte,khuntekn@slideshare.net,Polygender,72.250.107.92
745,Abigale,Fradson,afradsonko@nifty.com,Female,242.87.131.27
746,Clerc,Cristoforetti,ccristoforettikp@google.pl,Male,231.58.128.220
747,Elwyn,Fulford,efulfordkq@eepurl.com,Male,252.216.218.8
748,Abelard,Glashby,aglashbykr@theglobeandmail.com,Male,219.22.153.227
749,Roxanna,Plan,rplanks@tmall.com,Female,62.18.54.247
750,Eleonora,Markie,emarkiekt@is.gd,Female,3.145.52.77
751,Linell,Spencers,lspencersku@about.com,Female,78.239.19.207
752,Horatio,Havick,hhavickkv@smh.com.au,Male,46.34.183.70
753,Sampson,Arsey,sarseykw@state.gov,Male,91.69.46.194
754,Caz,Manuaud,cmanuaudkx@naver.com,Male,49.99.225.204
755,Lothaire,Signorelli,lsignorelliky@biblegateway.com,Male,132.53.173.234
756,Orland,Hartlebury,ohartleburykz@ow.ly,Male,241.226.152.167
757,Antone,Welfare,awelfarel0@dailymotion.com,Male,122.232.138.141
758,Hazlett,Hebditch,hhebditchl1@cyberchimps.com,Bigender,180.10.72.178
759,Rafferty,Cozins,rcozinsl2@diigo.com,Male,135.80.56.126
760,Moishe,Dongall,mdongalll3@shop-pro.jp,Male,45.7.44.199
761,Dilan,Backhurst,dbackhurstl4@ovh.net,Male,78.66.7.153
762,Franny,Crumbie,fcrumbiel5@springer.com,Non-binary,124.13.237.76
763,Arel,Ahmed,aahmedl6@buzzfeed.com,Male,101.64.10.60
764,Auroora,Dominik,adominikl7@baidu.com,Female,221.106.233.136
765,Mitchael,Brandone,mbrandonel8@wix.com,Male,124.69.211.85
766,Corrinne,Keohane,ckeohanel9@imdb.com,Female,106.29.211.114
767,Prescott,Bastie,pbastiela@webeden.co.uk,Male,46.13.178.216
768,Ignace,Jewitt,ijewittlb@xrea.com,Male,11.31.242.130
769,Denice,Frankcom,dfrankcomlc@chronoengine.com,Female,204.220.161.104
770,Gerty,Brokenshire,gbrokenshireld@drupal.org,Female,213.38.46.159
771,Hubey,Ponde,hpondele@va.gov,Male,250.126.180.192
772,Edgard,Assante,eassantelf@nsw.gov.au,Male,215.103.91.152
773,Harmon,Mawer,hmawerlg@jugem.jp,Male,193.131.3.169
774,Rolf,Le Provest,rleprovestlh@archive.org,Male,59.159.155.133
775,Sherlock,Gipson,sgipsonli@hp.com,Male,217.173.212.93
776,Eirena,Tertre,etertrelj@instagram.com,Polygender,144.29.191.165
777,Loydie,McArley,lmcarleylk@redcross.org,Male,168.215.208.87
778,Lari,Playdon,lplaydonll@yolasite.com,Female,91.4.75.228
779,Lon,Gorusso,lgorussolm@google.com,Male,147.90.219.124
780,Dione,Swett,dswettln@stumbleupon.com,Female,178.197.197.155
781,Kristan,Hardwin,khardwinlo@apache.org,Female,24.109.118.75
782,Antonina,Phillput,aphillputlp@wiley.com,Female,190.241.159.148
783,Ronny,Eliyahu,reliyahulq@mapy.cz,Female,128.82.14.67
784,Hill,Bissiker,hbissikerlr@bluehost.com,Male,160.58.240.140
785,Kylie,Ordemann,kordemannls@sogou.com,Male,202.6.246.97
786,Dania,Snelgrove,dsnelgrovelt@icq.com,Female,82.213.80.78
787,Wilona,Guirard,wguirardlu@techcrunch.com,Female,85.72.36.195
788,Harald,Melbert,hmelbertlv@noaa.gov,Male,89.27.62.20
789,Claudette,Hagart,chagartlw@yelp.com,Female,243.163.247.53
790,Nichole,Brodie,nbrodielx@dell.com,Female,53.121.107.148
791,Brianna,Burtonwood,bburtonwoodly@webnode.com,Female,36.236.36.180
792,Arin,Gilbert,agilbertlz@blogtalkradio.com,Male,57.91.7.193
793,Morgana,Frissell,mfrissellm0@thetimes.co.uk,Female,68.1.107.95
794,Bartholomeus,Gallagher,bgallagherm1@omniture.com,Male,47.250.142.4
795,Sargent,Roullier,sroullierm2@nps.gov,Male,113.157.109.149
796,Hildegaard,Worts,hwortsm3@soup.io,Female,196.157.234.7
797,Laryssa,Jiggle,ljigglem4@cdbaby.com,Female,59.146.142.46
798,Jemmie,Gwatkin,jgwatkinm5@squarespace.com,Female,65.120.34.140
799,Andrei,Bohlin,abohlinm6@globo.com,Female,212.5.174.178
800,Claudie,Newns,cnewnsm7@1und1.de,Female,67.32.193.1
801,Culley,Krolman,ckrolmanm8@diigo.com,Male,74.103.17.137
802,Hope,Mocquer,hmocquerm9@qq.com,Female,30.48.142.147
803,Wittie,Larrington,wlarringtonma@moonfruit.com,Male,11.7.247.190
804,Dominique,Bovingdon,dbovingdonmb@shutterfly.com,Male,38.154.146.14
805,Claudelle,Maddin,cmaddinmc@moonfruit.com,Female,200.124.111.199
806,Herc,Bittleson,hbittlesonmd@nifty.com,Male,192.201.127.7
807,Nyssa,Olivet,nolivetme@ovh.net,Female,113.141.94.186
808,Zeb,Cordobes,zcordobesmf@fastcompany.com,Agender,112.58.243.173
809,Teriann,Spoors,tspoorsmg@bloglovin.com,Female,74.183.58.149
810,Clive,Laimable,claimablemh@cyberchimps.com,Male,30.193.230.253
811,Kizzie,Leyrroyd,kleyrroydmi@google.cn,Female,209.185.237.81
812,Brennan,Mitcham,bmitchammj@rambler.ru,Male,89.65.109.164
813,Chariot,Crippin,ccrippinmk@pinterest.com,Male,163.203.171.53
814,Neal,Moncarr,nmoncarrml@lulu.com,Male,88.248.98.219
815,Delly,Debow,ddebowmm@trellian.com,Female,27.77.167.207
816,Vale,Wrey,vwreymn@opera.com,Male,158.143.106.99
817,Grace,Wigley,gwigleymo@nydailynews.com,Male,101.81.176.114
818,Karon,Longden,klongdenmp@dropbox.com,Female,36.192.22.235
819,Blisse,Buggs,bbuggsmq@utexas.edu,Genderqueer,140.148.247.152
820,Bertram,Penk,bpenkmr@sourceforge.net,Male,137.55.250.97
821,Eadith,Devinn,edevinnms@flavors.me,Female,5.18.197.103
822,Georgianne,Craighill,gcraighillmt@mail.ru,Female,233.51.122.106
823,Matthew,Clausius,mclausiusmu@tinyurl.com,Male,136.126.103.166
824,Beatrisa,Jedrzejewsky,bjedrzejewskymv@twitter.com,Female,10.216.86.121
825,Nicola,Fernez,nfernezmw@networksolutions.com,Male,228.94.193.188
826,Hanny,Ort,hortmx@sfgate.com,Female,160.48.145.45
827,Ardine,Castan,acastanmy@amazon.de,Female,125.186.63.197
828,Josiah,Bonney,jbonneymz@ning.com,Male,171.213.208.12
829,Reilly,Durrans,rdurransn0@ibm.com,Male,36.202.101.221
830,Brande,Starkey,bstarkeyn1@tiny.cc,Female,23.50.26.86
831,Nathanial,Shiell,nshielln2@imageshack.us,Male,5.88.221.101
832,Cornie,Ruzicka,cruzickan3@vkontakte.ru,Female,15.190.57.131
833,Gracia,O'Doghesty,godoghestyn4@gmpg.org,Female,194.114.221.189
834,Tabbitha,Nunnery,tnunneryn5@wiley.com,Female,100.247.0.205
835,Maure,Cuddy,mcuddyn6@rakuten.co.jp,Female,8.145.25.36
836,Jodi,Grewes,jgrewesn7@sogou.com,Female,170.30.177.212
837,Sherlock,Welland,swellandn8@netscape.com,Male,113.101.226.222
838,Dorian,Swalteridge,dswalteridgen9@independent.co.uk,Male,199.200.55.143
839,Stephani,Banke,sbankena@ocn.ne.jp,Female,56.208.188.86
840,Moise,Klimontovich,mklimontovichnb@chicagotribune.com,Male,27.130.225.179
841,Allard,Sturney,asturneync@ed.gov,Male,124.127.70.23
842,Ines,Cowden,icowdennd@about.com,Female,121.138.102.248
843,Sander,Dillamore,sdillamorene@vkontakte.ru,Male,215.119.197.184
844,Kary,Pettet,kpettetnf@wp.com,Female,177.14.179.87
845,Hollie,Gullane,hgullaneng@nps.gov,Female,9.250.120.33
846,Margie,Scryne,mscrynenh@freewebs.com,Non-binary,66.204.0.201
847,Pavlov,Tommei,ptommeini@lycos.com,Male,250.153.138.213
848,Algernon,Bonniface,abonnifacenj@moonfruit.com,Male,4.166.196.75
849,Jedidiah,Brenston,jbrenstonnk@toplist.cz,Male,18.113.238.51
850,Roslyn,Jasiak,rjasiaknl@slideshare.net,Female,203.173.79.75
851,Carlie,Moir,cmoirnm@virginia.edu,Female,91.111.111.68
852,Benjamen,Orlton,borltonnn@wsj.com,Male,79.198.150.129
853,Godart,Wattinham,gwattinhamno@springer.com,Male,149.100.78.229
854,Christa,Veljes,cveljesnp@mapy.cz,Female,116.181.174.9
855,Cobbie,Medmore,cmedmorenq@sina.com.cn,Male,223.11.134.47
856,Laughton,Ughini,lughininr@moonfruit.com,Male,93.185.29.253
857,Burt,Morpeth,bmorpethns@hostgator.com,Male,223.243.230.74
858,Rafa,Scandrick,rscandricknt@discovery.com,Female,179.236.143.16
859,Rebeka,Bunford,rbunfordnu@comcast.net,Female,0.248.253.151
860,Teodora,Agnolo,tagnolonv@w3.org,Female,91.17.243.24
861,Milo,Tregensoe,mtregensoenw@ed.gov,Male,111.31.121.25
862,Midge,Le Estut,mleestutnx@is.gd,Female,62.187.80.202
863,Woodrow,Lafee,wlafeeny@addthis.com,Male,230.126.58.255
864,Harriett,Angric,hangricnz@sfgate.com,Female,134.88.125.207
865,Nehemiah,Medhurst,nmedhursto0@dedecms.com,Male,68.247.180.169
866,Archibald,Trulocke,atrulockeo1@vinaora.com,Male,124.9.163.145
867,Marney,Tewnion,mtewniono2@apache.org,Female,213.180.125.86
868,Trevor,Melluish,tmelluisho3@homestead.com,Male,243.98.173.234
869,Sandra,Bronot,sbronoto4@opera.com,Female,190.103.141.156
870,Em,Cristobal,ecristobalo5@adobe.com,Male,183.177.222.210
871,Korie,De Beauchamp,kdebeauchampo6@eepurl.com,Female,84.173.211.27
872,Kinsley,Jesse,kjesseo7@ucoz.com,Male,119.95.230.61
873,Julissa,Ostick,josticko8@tinypic.com,Female,106.192.201.55
874,Merill,Cano,mcanoo9@slashdot.org,Male,42.33.40.169
875,Markus,Imos,mimosoa@columbia.edu,Male,94.142.237.61
876,Sayer,Tear,stearob@independent.co.uk,Polygender,206.234.226.39
877,Julissa,Garlic,jgarlicoc@trellian.com,Female,187.186.76.237
878,Tedie,MacCoughen,tmaccoughenod@flickr.com,Male,144.131.3.46
879,Ruprecht,Tuffield,rtuffieldoe@wikipedia.org,Male,73.195.234.20
880,Fawn,Ruckert,fruckertof@so-net.ne.jp,Female,177.67.7.11
881,Waylin,Dotson,wdotsonog@123-reg.co.uk,Male,220.93.147.245
882,Pavla,Roston,prostonoh@discovery.com,Female,115.91.110.35
883,Boyce,Woonton,bwoontonoi@lycos.com,Male,198.218.131.181
884,Bridget,Orgee,borgeeoj@moonfruit.com,Female,38.236.197.86
885,Rosalia,Chrystal,rchrystalok@dell.com,Female,112.102.187.137
886,Shawna,Goom,sgoomol@psu.edu,Female,42.139.141.138
887,Billie,Mogey,bmogeyom@yahoo.com,Female,169.61.93.222
888,Lynelle,Gallymore,lgallymoreon@eventbrite.com,Female,19.84.254.68
889,Rafaello,Lauridsen,rlauridsenoo@instagram.com,Male,5.182.254.123
890,Herrick,Bangle,hbangleop@comsenz.com,Male,191.236.216.174
891,Tracie,Waslin,twaslinoq@prnewswire.com,Male,147.46.100.21
892,Grange,Buxcy,gbuxcyor@ucla.edu,Polygender,143.13.217.13
893,Stepha,Denisyuk,sdenisyukos@buzzfeed.com,Female,201.97.45.177
894,Urban,Rodman,urodmanot@dyndns.org,Male,5.123.158.211
895,Beret,Pamment,bpammentou@cornell.edu,Female,113.31.90.226
896,Gnni,Ronchka,gronchkaov@sina.com.cn,Female,35.75.99.92
897,Dunc,Chanders,dchandersow@etsy.com,Male,130.221.93.252
898,Udell,Yankov,uyankovox@icio.us,Male,152.41.63.159
899,Chrissie,Hastings,chastingsoy@printfriendly.com,Female,80.183.89.244
900,Alfredo,Wardlow,awardlowoz@alibaba.com,Male,57.163.67.195
901,Ludovico,Henke,lhenkep0@photobucket.com,Male,158.61.81.253
902,Ric,Kitchenham,rkitchenhamp1@sourceforge.net,Male,54.220.228.68
903,Roldan,Barmby,rbarmbyp2@indiatimes.com,Male,229.166.235.55
904,Leanor,Lockett,llockettp3@addthis.com,Female,195.4.40.53
905,Ofelia,Lassen,olassenp4@ow.ly,Female,126.216.86.241
906,Clarabelle,Daley,cdaleyp5@youku.com,Female,127.163.210.229
907,Karina,Eames,keamesp6@aol.com,Female,167.123.108.163
908,Danyelle,Spieck,dspieckp7@webeden.co.uk,Female,170.207.124.162
909,Elvin,Giacovazzo,egiacovazzop8@bravesites.com,Male,125.187.189.170
910,Monika,Whittlesey,mwhittleseyp9@photobucket.com,Female,181.105.209.86
911,Haskel,Laval,hlavalpa@washingtonpost.com,Male,213.214.135.253
912,Shepperd,Potteril,spotterilpb@foxnews.com,Male,195.239.171.133
913,Edlin,Guswell,eguswellpc@devhub.com,Male,160.196.190.71
914,Fonsie,McAlinion,fmcalinionpd@webmd.com,Male,139.124.110.13
915,Clemmie,Wellman,cwellmanpe@amazonaws.com,Genderfluid,48.190.31.207
916,Bud,Moy,bmoypf@scribd.com,Male,179.67.123.58
917,Amelina,Smye,asmyepg@dot.gov,Female,156.40.150.2
918,Horace,Shearer,hshearerph@comsenz.com,Male,220.13.138.235
919,Dan,Drepp,ddrepppi@omniture.com,Male,72.226.248.172
920,Donnajean,Reckhouse,dreckhousepj@stumbleupon.com,Female,56.149.124.183
921,Fannie,Asling,faslingpk@gizmodo.com,Female,191.38.128.59
922,Tulley,Cheake,tcheakepl@wikia.com,Male,18.114.72.220
923,Cross,Sanney,csanneypm@gizmodo.com,Male,118.208.1.202
924,Osmund,Attwell,oattwellpn@ca.gov,Male,218.177.133.124
925,Saloma,Tulip,stulippo@de.vu,Female,105.228.169.248
926,Maison,Errey,merreypp@blog.com,Male,10.147.129.163
927,Ricardo,Cuffin,rcuffinpq@flavors.me,Male,98.100.212.214
928,Dari,Adolphine,dadolphinepr@symantec.com,Female,171.118.29.151
929,Boyce,Elia,beliaps@si.edu,Male,137.204.89.47
930,Allix,Simonutti,asimonuttipt@shinystat.com,Female,211.205.203.153
931,Lois,Melley,lmelleypu@ox.ac.uk,Female,254.186.103.116
932,Ardyce,Kaasmann,akaasmannpv@dell.com,Female,135.60.71.188
933,Devy,Halwood,dhalwoodpw@independent.co.uk,Male,98.123.232.39
934,Stanwood,Carlow,scarlowpx@skyrock.com,Male,155.14.212.223
935,Tasha,Rickasse,trickassepy@php.net,Female,69.84.59.137
936,Buffy,Colaton,bcolatonpz@clickbank.net,Female,79.137.102.245
937,Karrah,Kohen,kkohenq0@loc.gov,Female,82.71.10.29
938,Hedy,Gini,hginiq1@reference.com,Female,109.25.238.222
939,Orelie,Lawn,olawnq2@google.nl,Bigender,156.104.117.239
940,Genevieve,Sall,gsallq3@tiny.cc,Female,187.119.149.191
941,Catha,de Juares,cdejuaresq4@wikispaces.com,Female,138.78.154.85
942,Boigie,Goldhill,bgoldhillq5@washingtonpost.com,Male,249.206.94.77
943,Allix,Spoure,aspoureq6@dagondesign.com,Female,126.70.237.204
944,Merwyn,Ruzek,mruzekq7@yelp.com,Male,182.229.59.251
945,Arabele,Harman,aharmanq8@webmd.com,Female,100.241.130.8
946,Hasty,Battey,hbatteyq9@mlb.com,Male,147.12.213.53
947,Boote,Bott,bbottqa@shutterfly.com,Male,128.252.193.221
948,Ann-marie,Harrowell,aharrowellqb@alexa.com,Female,215.230.75.96
949,Dorisa,Hendrichs,dhendrichsqc@bbc.co.uk,Female,14.14.92.57
950,Ollie,Clementel,oclementelqd@tripadvisor.com,Female,129.25.70.27
951,Gertrud,Aiers,gaiersqe@sourceforge.net,Female,206.46.133.2
952,Yasmeen,Scholer,yscholerqf@adobe.com,Female,103.122.171.71
953,Chris,McInnes,cmcinnesqg@wufoo.com,Female,207.119.222.97
954,Elenore,Tomasi,etomasiqh@mapquest.com,Female,106.2.201.121
955,Lauralee,Vowels,lvowelsqi@lycos.com,Female,38.153.190.158
956,Jeanette,Cator,jcatorqj@networksolutions.com,Female,66.9.51.165
957,Garnette,Kelsey,gkelseyqk@dailymotion.com,Female,168.217.168.64
958,Goldie,Tremollet,gtremolletql@yolasite.com,Female,19.166.27.3
959,Rois,Lusher,rlusherqm@purevolume.com,Female,49.138.28.75
960,Hube,Jerosch,hjeroschqn@hugedomains.com,Genderfluid,77.139.57.217
961,Orelia,Wattins,owattinsqo@free.fr,Female,147.42.94.162
962,Caralie,Creagh,ccreaghqp@stumbleupon.com,Female,215.25.186.228
963,Karin,Kenninghan,kkenninghanqq@google.ru,Female,153.107.16.254
964,Dorian,Dunk,ddunkqr@friendfeed.com,Female,154.241.255.187
965,Leoine,Aldcorn,laldcornqs@pen.io,Female,111.8.44.35
966,Moishe,Gordon-Giles,mgordongilesqt@guardian.co.uk,Male,191.110.21.17
967,Vinny,Bilovsky,vbilovskyqu@berkeley.edu,Female,152.185.218.221
968,Bendick,Davidowich,bdavidowichqv@sphinn.com,Male,222.23.237.172
969,Alyss,Bartod,abartodqw@apple.com,Female,208.252.252.121
970,Maryjane,Muspratt,mmusprattqx@myspace.com,Female,65.84.93.180
971,Rasla,McCrorie,rmccrorieqy@gravatar.com,Female,200.201.36.44
972,Maggee,Westhofer,mwesthoferqz@techcrunch.com,Female,131.237.240.172
973,Bancroft,Nancekivell,bnancekivellr0@nps.gov,Male,223.52.44.173
974,Far,Dudlestone,fdudlestoner1@mapquest.com,Male,68.27.44.227
975,Ethelbert,Aguilar,eaguilarr2@ning.com,Male,236.221.96.108
976,Langsdon,Retallack,lretallackr3@dion.ne.jp,Male,113.150.124.132
977,Jedd,Belf,jbelfr4@com.com,Male,0.206.115.13
978,Ruby,Felgat,rfelgatr5@geocities.jp,Female,182.224.121.53
979,Hunfredo,Teaser,hteaserr6@slate.com,Male,205.34.225.241
980,Gwendolen,Pappi,gpappir7@bluehost.com,Bigender,154.162.36.136
981,Remington,Whitley,rwhitleyr8@posterous.com,Male,177.208.139.252
982,Chan,Ladbrook,cladbrookr9@vimeo.com,Male,62.11.146.65
983,Jerry,Cheale,jchealera@cloudflare.com,Female,185.73.142.200
984,Cesya,Galero,cgalerorb@blogspot.com,Female,215.147.226.175
985,Revkah,Powling,rpowlingrc@barnesandnoble.com,Female,198.174.230.128
986,Demetra,Nono,dnonord@opera.com,Female,1.128.78.176
987,Sander,Diano,sdianore@rakuten.co.jp,Male,130.162.113.197
988,Harlie,Soldi,hsoldirf@wisc.edu,Polygender,231.187.251.188
989,Quillan,Baike,qbaikerg@printfriendly.com,Male,238.56.180.1
990,Nolana,De Few,ndefewrh@canalblog.com,Female,229.152.79.213
991,Nevsa,Burges,nburgesri@pen.io,Female,254.158.129.200
992,Ferdie,Crispin,fcrispinrj@army.mil,Male,3.191.67.11
993,Jenine,De Ath,jdeathrk@mozilla.com,Female,76.155.37.167
994,Georges,Udale,gudalerl@mapy.cz,Male,169.183.164.141
995,Trula,Andrejevic,tandrejevicrm@yahoo.co.jp,Female,11.3.139.215
996,Donaugh,Morriss,dmorrissrn@soup.io,Male,14.216.207.114
997,Horacio,Binny,hbinnyro@zimbio.com,Male,27.30.28.241
998,Ysabel,Sheldrick,ysheldrickrp@biblegateway.com,Female,153.214.41.145
999,Karoline,Meert,kmeertrq@npr.org,Female,2.72.99.30
1000,Salomo,Morrison,smorrisonrr@jigsy.com,Genderfluid,182.168.231.197
